<object-stream>
  <list>
    <models.Product>
      <productName>32 Inch TV</productName>
      <productCode>3204</productCode>
      <unitCost>199.44</unitCost>
      <inCurrentProductLine>false</inCurrentProductLine>
      <productDescriptions>
        <entry>
          <string>ENGLISH</string>
          <string>32 inch TV with black surround</string>
        </entry>
        <entry>
          <string>GERMAN</string>
          <string>32 Inch TV mit schwarz umrandung</string>
        </entry>
      </productDescriptions>
    </models.Product>
  </list>
</object-stream>