<?xml version="1.0" encoding="UTF-8"?>
<java version="15.0.1" class="java.beans.XMLDecoder">
 <object class="java.util.ArrayList">
  <void method="add">
   <object class="models.Developer">
    <void property="developerName">
     <string>microsoft</string>
    </void>
    <void property="developerWebsite">
     <string>ms.com</string>
    </void>
   </object>
  </void>
  <void method="add">
   <object class="models.Developer">
    <void property="developerName">
     <string>eagames</string>
    </void>
    <void property="developerWebsite">
     <string>ea.com</string>
    </void>
   </object>
  </void>
 </object>
</java>
